INSERT INTO Users (user_id, username, password, role, email)
VALUES
    ('c8a3e883-5049-46c7-94b1-9f1cdb9a4f95', 'Admin', '3b612c75a7b5048a435fb6ec81e52ff92d6d795a8b5a9c17070f6a63c97a53b2', 'ADMIN', 'admin@gmail.com'),
    ('6ba7b810-9dad-11d1-80b4-00c04fd430c1', 'Sashka', '32c6b1625a1aae8ba1cbdb24c20b6c24ed42ab7389c54c6a5a53d59fff0f2b59', 'USER', 'sashka@gmail.com'),
    ('6ba7b811-9dad-11d1-80b4-00c04fd430c2', 'user2', '3b612c75a7b5048a435fb6ec81e52ff92d6d795a8b5a9c17070f6a63c97a53b2', 'USER', 'ivan.p@email.com'),
    ('6ba7b812-9dad-11d1-80b4-00c04fd430c3', 'user3', '3b612c75a7b5048a435fb6ec81e52ff92d6d795a8b5a9c17070f6a63c97a53b2', 'USER', 'mariya.s@email.com'),
    ('6ba7b813-9dad-11d1-80b4-00c04fd430c4', 'user4', '3b612c75a7b5048a435fb6ec81e52ff92d6d795a8b5a9c17070f6a63c97a53b2', 'USER', 'andriy.b@email.com'),
    ('6ba7b814-9dad-11d1-80b4-00c04fd430c5', 'admin2', '3b612c75a7b5048a435fb6ec81e52ff92d6d795a8b5a9c17070f6a63c97a53b2', 'ADMIN', 'oleg.k@email.com'),
    ('6ba7b815-9dad-11d1-80b4-00c04fd430c6', 'user5', '3b612c75a7b5048a435fb6ec81e52ff92d6d795a8b5a9c17070f6a63c97a53b2', 'USER', 'yuliya.m@email.com'),
    ('6ba7b816-9dad-11d1-80b4-00c04fd430c7', 'user6', '3b612c75a7b5048a435fb6ec81e52ff92d6d795a8b5a9c17070f6a63c97a53b2', 'USER', 'dmytro.sh@email.com'),
    ('6ba7b817-9dad-11d1-80b4-00c04fd430c8', 'user7', '3b612c75a7b5048a435fb6ec81e52ff92d6d795a8b5a9c17070f6a63c97a53b2', 'USER', 'nataliya.l@email.com'),
    ('6ba7b818-9dad-11d1-80b4-00c04fd430c9', 'user8', '3b612c75a7b5048a435fb6ec81e52ff92d6d795a8b5a9c17070f6a63c97a53b2', 'USER', 'viktor.g@email.com');

INSERT INTO Categories (category_id, category_name)
VALUES
    ('7c4f14d0-9dad-11d1-80b4-00c04fd430d0', 'Основні страви'),
    ('7c4f14d1-9dad-11d1-80b4-00c04fd430d1', 'Закуски'),
    ('7c4f14d2-9dad-11d1-80b4-00c04fd430d2', 'Десерти'),
    ('7c4f14d3-9dad-11d1-80b4-00c04fd430d3', 'Напої'),
    ('7c4f14d4-9dad-11d1-80b4-00c04fd430d4', 'Салати'),
    ('7c4f14d5-9dad-11d1-80b4-00c04fd430d5', 'Супи'),
    ('7c4f14d6-9dad-11d1-80b4-00c04fd430d6', 'Гарніри'),
    ('7c4f14d7-9dad-11d1-80b4-00c04fd430d7', 'Піца'),
    ('7c4f14d8-9dad-11d1-80b4-00c04fd430d8', 'Суші'),
    ('7c4f14d9-9dad-11d1-80b4-00c04fd430d9', 'Вегетаріанське');

INSERT INTO MenuItems (item_id, name, description, price, category_id, is_available, image)
VALUES
    ('550e8400-e29b-41d4-a716-446655440001', 'Маргарита', 'Класична піца з томатним соусом і моцарелою', 150.50, '7c4f14d7-9dad-11d1-80b4-00c04fd430d7', TRUE, NULL),
    ('550e8400-e29b-41d4-a716-446655440002', 'Пепероні', 'Піца з пепероні та сиром', 180.75, '7c4f14d7-9dad-11d1-80b4-00c04fd430d7', TRUE, NULL),
    ('550e8400-e29b-41d4-a716-446655440003', 'Цезар', 'Салат з куркою, пармезаном і сухариками', 120.00, '7c4f14d4-9dad-11d1-80b4-00c04fd430d4', TRUE, NULL),
    ('550e8400-e29b-41d4-a716-446655440004', 'Карбонара', 'Паста з беконом і вершковим соусом', 160.25, '7c4f14d0-9dad-11d1-80b4-00c04fd430d0', TRUE, NULL),
    ('550e8400-e29b-41d4-a716-446655440005', 'Суші Філадельфія', 'Суші з лососем, авокадо і вершковим сиром', 200.00, '7c4f14d8-9dad-11d1-80b4-00c04fd430d8', TRUE, NULL),
    ('550e8400-e29b-41d4-a716-446655440006', 'Бургер Класичний', 'Бургер з яловичиною і овочами', 140.50, '7c4f14d0-9dad-11d1-80b4-00c04fd430d0', TRUE, NULL),
    ('550e8400-e29b-41d4-a716-446655440007', 'Том Ям', 'Гострий тайський суп з креветками', 170.00, '7c4f14d5-9dad-11d1-80b4-00c04fd430d5', TRUE, NULL),
    ('550e8400-e29b-41d4-a716-446655440008', 'Фалафель', 'Вегетаріанський фалафель з хумусом', 110.00, '7c4f14d9-9dad-11d1-80b4-00c04fd430d9', TRUE, NULL),
    ('550e8400-e29b-41d4-a716-446655440009', 'Лазанья', 'Лазанья з м’ясом і соусом бешамель', 190.75, '7c4f14d0-9dad-11d1-80b4-00c04fd430d0', TRUE, NULL),
    ('550e8400-e29b-41d4-a716-446655440010', 'Суп Місо', 'Японський суп з місо-пастою і тофу', 90.50, '7c4f14d5-9dad-11d1-80b4-00c04fd430d5', TRUE, NULL),
    ('550e8400-e29b-41d4-a716-446655440011', 'Чізкейк', 'Класичний чізкейк з ягідним соусом', 100.00, '7c4f14d2-9dad-11d1-80b4-00c04fd430d2', TRUE, NULL),
    ('550e8400-e29b-41d4-a716-446655440012', 'Рамен', 'Японський суп з локшиною і свининою', 165.25, '7c4f14d5-9dad-11d1-80b4-00c04fd430d5', TRUE, NULL),
    ('550e8400-e29b-41d4-a716-446655440013', 'Тако', 'Мексиканське тако з куркою і сальсою', 130.00, '7c4f14d0-9dad-11d1-80b4-00c04fd430d0', TRUE, NULL),
    ('550e8400-e29b-41d4-a716-446655440014', 'Капрезе', 'Салат з томатами, моцарелою і базиліком', 115.50, '7c4f14d4-9dad-11d1-80b4-00c04fd430d4', TRUE, NULL),
    ('550e8400-e29b-41d4-a716-446655440015', 'Креветки Темпура', 'Смажені креветки в клярі', 210.00, '7c4f14d1-9dad-11d1-80b4-00c04fd430d1', TRUE, NULL),
    ('550e8400-e29b-41d4-a716-446655440016', 'Панкейки', 'Панкейки з кленовим сиропом і ягодами', 95.75, '7c4f14d2-9dad-11d1-80b4-00c04fd430d2', TRUE, NULL),
    ('550e8400-e29b-41d4-a716-446655440017', 'Борщ', 'Український борщ з сметаною', 85.00, '7c4f14d5-9dad-11d1-80b4-00c04fd430d5', TRUE, NULL),
    ('550e8400-e29b-41d4-a716-446655440018', 'Кесаділья', 'Кесаділья з куркою і сиром', 145.25, '7c4f14d0-9dad-11d1-80b4-00c04fd430d0', TRUE, NULL),
    ('550e8400-e29b-41d4-a716-446655440019', 'Тірамісу', 'Італійський десерт з маскарпоне', 105.50, '7c4f14d2-9dad-11d1-80b4-00c04fd430d2', TRUE, NULL),
    ('550e8400-e29b-41d4-a716-446655440020', 'Грецький салат', 'Салат з огірками, фетою і оливками', 110.25, '7c4f14d4-9dad-11d1-80b4-00c04fd430d4', TRUE, NULL);

INSERT INTO Orders (order_id, user_id, total_price, status, created_at)
VALUES
    ('9e6f0680-9dad-11d1-80b4-00c04fd430f0', 'c8a3e883-5049-46c7-94b1-9f1cdb9a4f95', 270.50, 'PENDING', '2025-04-30 12:30:00+00'), -- Admin: Маргарита + Цезар
    ('9e6f0681-9dad-11d1-80b4-00c04fd430f1', '6ba7b810-9dad-11d1-80b4-00c04fd430c1', 500.00, 'CONFIRMED', '2025-04-30 13:00:00+00'), -- Sashka: Суші Філадельфія + Чізкейк
    ('9e6f0682-9dad-11d1-80b4-00c04fd430f2', '6ba7b811-9dad-11d1-80b4-00c04fd430c2', 245.25, 'PENDING', '2025-04-30 13:30:00+00'), -- user2: Карбонара + Борщ
    ('9e6f0683-9dad-11d1-80b4-00c04fd430f3', '6ba7b812-9dad-11d1-80b4-00c04fd430c3', 286.25, 'DELIVERED', '2025-04-30 14:00:00+00'), -- user3: Пепероні + Тірамісу
    ('9e6f0684-9dad-11d1-80b4-00c04fd430f4', '6ba7b813-9dad-11d1-80b4-00c04fd430c4', 340.00, 'PENDING', '2025-04-30 14:30:00+00'), -- user4: Том Ям
    ('9e6f0685-9dad-11d1-80b4-00c04fd430f5', '6ba7b814-9dad-11d1-80b4-00c04fd430c5', 210.00, 'CONFIRMED', '2025-04-30 15:00:00+00'), -- admin2: Креветки Темпура
    ('9e6f0686-9dad-11d1-80b4-00c04fd430f6', '6ba7b815-9dad-11d1-80b4-00c04fd430c6', 220.00, 'PENDING', '2025-04-30 15:30:00+00'), -- user5: Фалафель
    ('9e6f0687-9dad-11d1-80b4-00c04fd430f7', '6ba7b816-9dad-11d1-80b4-00c04fd430c7', 261.00, 'DELIVERED', '2025-04-30 16:00:00+00'), -- user6: Рамен + Панкейки
    ('9e6f0688-9dad-11d1-80b4-00c04fd430f8', '6ba7b817-9dad-11d1-80b4-00c04fd430c8', 130.00, 'PENDING', '2025-04-30 16:30:00+00'), -- user7: Тако
    ('9e6f0689-9dad-11d1-80b4-00c04fd430f9', '6ba7b818-9dad-11d1-80b4-00c04fd430c9', 220.50, 'CANCELLED', '2025-04-30 17:00:00+00'); -- user8: Грецький салат

INSERT INTO OrderItems (id, order_id, menu_item_id, quantity, price)
VALUES
    ('bf7e1790-9dad-11d1-80b4-00c04fd430c0', '9e6f0680-9dad-11d1-80b4-00c04fd430f0', '550e8400-e29b-41d4-a716-446655440001', 1, 150.50), -- Маргарита
    ('bf7e1791-9dad-11d1-80b4-00c04fd430c1', '9e6f0680-9dad-11d1-80b4-00c04fd430f0', '550e8400-e29b-41d4-a716-446655440003', 1, 120.00), -- Цезар
    ('bf7e1792-9dad-11d1-80b4-00c04fd430c2', '9e6f0681-9dad-11d1-80b4-00c04fd430f1', '550e8400-e29b-41d4-a716-446655440005', 2, 200.00), -- Суші Філадельфія
    ('bf7e1793-9dad-11d1-80b4-00c04fd430c3', '9e6f0681-9dad-11d1-80b4-00c04fd430f1', '550e8400-e29b-41d4-a716-446655440011', 1, 100.00), -- Чізкейк
    ('bf7e1794-9dad-11d1-80b4-00c04fd430c4', '9e6f0682-9dad-11d1-80b4-00c04fd430f2', '550e8400-e29b-41d4-a716-446655440004', 1, 160.25), -- Карбонара
    ('bf7e1795-9dad-11d1-80b4-00c04fd430c5', '9e6f0682-9dad-11d1-80b4-00c04fd430f2', '550e8400-e29b-41d4-a716-446655440017', 1, 85.00), -- Борщ
    ('bf7e1796-9dad-11d1-80b4-00c04fd430c6', '9e6f0683-9dad-11d1-80b4-00c04fd430f3', '550e8400-e29b-41d4-a716-446655440002', 1, 180.75), -- Пепероні
    ('bf7e1797-9dad-11d1-80b4-00c04fd430c7', '9e6f0683-9dad-11d1-80b4-00c04fd430f3', '550e8400-e29b-41d4-a716-446655440019', 1, 105.50), -- Тірамісу
    ('bf7e1798-9dad-11d1-80b4-00c04fd430c8', '9e6f0684-9dad-11d1-80b4-00c04fd430f4', '550e8400-e29b-41d4-a716-446655440007', 2, 170.00), -- Том Ям
    ('bf7e1799-9dad-11d1-80b4-00c04fd430c9', '9e6f0685-9dad-11d1-80b4-00c04fd430f5', '550e8400-e29b-41d4-a716-446655440015', 1, 210.00), -- Креветки Темпура
    ('bf7e179a-9dad-11d1-80b4-00c04fd430ca', '9e6f0686-9dad-11d1-80b4-00c04fd430f6', '550e8400-e29b-41d4-a716-446655440008', 2, 110.00), -- Фалафель
    ('bf7e179b-9dad-11d1-80b4-00c04fd430cb', '9e6f0687-9dad-11d1-80b4-00c04fd430f7', '550e8400-e29b-41d4-a716-446655440012', 1, 165.25), -- Рамен
    ('bf7e179c-9dad-11d1-80b4-00c04fd430cc', '9e6f0687-9dad-11d1-80b4-00c04fd430f7', '550e8400-e29b-41d4-a716-446655440016', 1, 95.75), -- Панкейки
    ('bf7e179d-9dad-11d1-80b4-00c04fd430cd', '9e6f0688-9dad-11d1-80b4-00c04fd430f8', '550e8400-e29b-41d4-a716-446655440013', 1, 130.00), -- Тако
    ('bf7e179e-9dad-11d1-80b4-00c04fd430ce', '9e6f0689-9dad-11d1-80b4-00c04fd430f9', '550e8400-e29b-41d4-a716-446655440020', 2, 110.25); -- Грецький салат

INSERT INTO Payments (id, order_id, amount, payment_method, payment_status, created_at)
VALUES
    ('cf7e1790-9dad-11d1-80b4-00c04fd430c0', '9e6f0680-9dad-11d1-80b4-00c04fd430f0', 270.50, 'CREDIT_CARD', 'PENDING', '2025-04-30 12:30:00+00'),
    ('cf7e1791-9dad-11d1-80b4-00c04fd430c1', '9e6f0681-9dad-11d1-80b4-00c04fd430f1', 500.00, 'CASH', 'COMPLETED', '2025-04-30 13:00:00+00'),
    ('cf7e1792-9dad-11d1-80b4-00c04fd430c2', '9e6f0682-9dad-11d1-80b4-00c04fd430f2', 245.25, 'CREDIT_CARD', 'PENDING', '2025-04-30 13:30:00+00'),
    ('cf7e1793-9dad-11d1-80b4-00c04fd430c3', '9e6f0683-9dad-11d1-80b4-00c04fd430f3', 286.25, 'CASH', 'COMPLETED', '2025-04-30 14:00:00+00'),
    ('cf7e1794-9dad-11d1-80b4-00c04fd430c4', '9e6f0684-9dad-11d1-80b4-00c04fd430f4', 340.00, 'CREDIT_CARD', 'PENDING', '2025-04-30 14:30:00+00'),
    ('cf7e1795-9dad-11d1-80b4-00c04fd430c5', '9e6f0685-9dad-11d1-80b4-00c04fd430f5', 210.00, 'CASH', 'COMPLETED', '2025-04-30 15:00:00+00'),
    ('cf7e1796-9dad-11d1-80b4-00c04fd430c6', '9e6f0686-9dad-11d1-80b4-00c04fd430f6', 220.00, 'CREDIT_CARD', 'PENDING', '2025-04-30 15:30:00+00'),
    ('cf7e1797-9dad-11d1-80b4-00c04fd430c7', '9e6f0687-9dad-11d1-80b4-00c04fd430f7', 261.00, 'CASH', 'COMPLETED', '2025-04-30 16:00:00+00'),
    ('cf7e1798-9dad-11d1-80b4-00c04fd430c8', '9e6f0688-9dad-11d1-80b4-00c04fd430f8', 130.00, 'CREDIT_CARD', 'PENDING', '2025-04-30 16:30:00+00'),
    ('cf7e1799-9dad-11d1-80b4-00c04fd430c9', '9e6f0689-9dad-11d1-80b4-00c04fd430f9', 220.50, 'CREDIT_CARD', 'FAILED', '2025-04-30 17:00:00+00');
